cropped_F8A3351.JPG,cropped_F8A3626.JPG,cropped_F8A3736.JPG,cropped_F8A3801.JPG,cropped_F8A3906.JPG,cropped_F8A3966.JPG,cropped_F8A3996.JPG,cropped_F8A4011.JPG,cropped_F8A4046.JPG,cropped_F8A4171.JPG,cropped_F8A4431.JPG,cropped_F8A4446.JPG,cropped_F8A4451.JPG,cropped_F8A4511.JPG,cropped_F8A4541.JPG,cropped_F8A4561.JPG,cropped_F8A4666.JPG,cropped_F8A4791.JPG,cropped_F8A4826.JPG,cropped_F8A4876.JPG,cropped_F8A4991.JPG,cropped_F8A5021.JPG,cropped_F8A5111.JPG,cropped_F8A5266.JPG,cropped_F8A5276.JPG,cropped_F8A5391.JPG,cropped_F8A5396.JPG,cropped_F8A5411.JPG,cropped_F8A5466.JPG,cropped_F8A5556.JPG,cropped_F8A5736.JPG,cropped_F8A5806.JPG,cropped_F8A5876.JPG,cropped_F8A5906.JPG,cropped_F8A6036.JPG,cropped_F8A6301.JPG,cropped_F8A6346.JPG,cropped_F8A6376.JPG,cropped_F8A6431.JPG,cropped_F8A6506.JPG,cropped_F8A6516.JPG,cropped_F8A6601.JPG,cropped_F8A6921.JPG,cropped_F8A6976.JPG,cropped_F8A7181.JPG,cropped_F8A7216.JPG,cropped_F8A7251.JPG,cropped_F8A7376.JPG,cropped_F8A7456.JPG,cropped_F8A7656.JPG,cropped_F8A7781.JPG,cropped_F8A7831.JPG,cropped_F8A8451.JPG,cropped_F8A8496.JPG,cropped_F8A8531.JPG,cropped_F8A8541.JPG,cropped_F8A8891.JPG,cropped_F8A9296.JPG,cropped_F8A9301.JPG,cropped_F8A9441.JPG,cropped_F8A9446.JPG,cropped_F8A9481.JPG,cropped_F8A9516.JPG,cropped_F8A9651.JPG,cropped_F8A9666.JPG
36.0,86.0,91.0,74,96.0,82.0,115,69,154.0,78.0,65.0,96.0,67.0,186.0,88.0,116.0,179.0,136.0,77.0,56.0,129.0,58.0,70.0,162.0,80,33.0,52,67.0,155.0,89.0,34.0,79.0,72.0,150.0,146.0,135.0,49.0,125.0,72.0,82.0,98,146.0,39.0,96.0,35.0,79.0,57.0,68.0,56.0,78.0,41.0,81.0,48.0,151.0,150.0,47.0,101.0,56.0,58.0,70.0,142.0,103.0,89.0,53,84.0
34.0,82.0,69.0,97,91.0,110.0,48,89,214.0,51.0,56.0,121.0,87.0,158.0,100.0,187.0,68.0,90.0,63.0,52.0,76.0,53.0,32.0,120.0,69,40.0,79,67.0,165.0,66.0,35.0,86.0,166.0,111.0,102.0,129.0,89.0,114.0,82.0,89.0,55,161.0,35.0,61.0,62.0,60.0,29.0,120.0,102.0,141.0,33.0,66.0,49.0,69.0,99.0,31.0,78.0,82.0,51.0,32.0,136.0,104.0,127.0,42,64.0
31.0,67.0,52.0,40,53.0,51.0,79,137,58.0,54.0,114.0,59.0,64.0,109.0,34.0,89.0,119.0,65.0,50.0,29.0,90.0,33.0,56.0,145.0,54,42.0,47,102.0,77.0,150.0,45.0,107.0,76.0,59.0,77.0,66.0,76.0,60.0,41.0,76.0,28,126.0,27.0,50.0,85.0,120.0,46.0,96.0,85.0,65.0,29.0,39.0,54.0,57.0,85.0,62.0,66.0,59.0,29.0,77.0,132.0,105.0,187.0,50,68.0
32.0,47.0,68.0,55,88.0,75.0,58,52,54.0,44.0,60.0,45.0,84.0,85.0,46.0,89.0,86.0,99.0,91.0,32.0,61.0,67.0,65.0,116.0,61,52.0,87,87.0,72.0,54.0,50.0,101.0,48.0,118.0,140.0,94.0,48.0,73.0,76.0,103.0,61,111.0,23.0,39.0,40.0,87.0,33.0,33.0,38.0,58.0,27.0,46.0,69.0,42.0,77.0,34.0,85.0,98.0,36.0,58.0,88.0,81.0,83.0,54,84.0
28.0,58.0,58.0,40,78.0,63.0,67,59,114.0,46.0,75.0,120.0,45.0,78.0,64.0,95.0,42.0,46.0,48.0,28.0,32.0,39.0,48.0,125.0,46,28.0,58,85.0,126.0,45.0,62.0,112.0,49.0,90.0,109.0,67.0,51.0,52.0,43.0,113.0,42,153.0,30.0,37.0,32.0,92.0,58.0,52.0,66.0,72.0,44.0,109.0,44.0,51.0,77.0,39.0,93.0,65.0,26.0,77.0,126.0,63.0,64.0,23,60.0
28.0,55.0,68.0,58,88.0,62.0,88,42,67.0,70.0,50.0,55.0,68.0,138.0,50.0,151.0,90.0,52.0,38.0,21.0,61.0,98.0,32.0,153.0,41,22.0,35,101.0,72.0,40.0,49.0,72.0,33.0,49.0,80.0,75.0,55.0,48.0,35.0,41.0,39,139.0,23.0,71.0,36.0,76.0,32.0,82.0,81.0,114.0,23.0,58.0,47.0,43.0,80.0,39.0,74.0,78.0,37.0,37.0,109.0,75.0,74.0,110,49.0
42.0,51.0,67.0,62,65.0,81.0,41,40,75.0,48.0,46.0,108.0,89.0,112.0,66.0,99.0,67.0,76.0,35.0,34.0,52.0,66.0,26.0,82.0,39,35.0,104,89.0,84.0,35.0,68.0,69.0,46.0,98.0,159.0,93.0,46.0,100.0,57.0,44.0,44,75.0,25.0,31.0,47.0,68.0,35.0,62.0,88.0,60.0,37.0,41.0,41.0,59.0,76.0,36.0,58.0,39.0,22.0,47.0,133.0,61.0,70.0,60,79.0
28.0,43.0,26.0,43,87.0,54.0,65,52,78.0,41.0,48.0,100.0,52.0,123.0,43.0,177.0,59.0,87.0,45.0,22.0,41.0,36.0,28.0,124.0,26,29.0,67,54.0,73.0,49.0,39.0,56.0,60.0,79.0,76.0,73.0,62.0,43.0,40.0,49.0,51,107.0,47.0,57.0,47.0,65.0,50.0,42.0,70.0,44.0,29.0,51.0,60.0,39.0,45.0,44.0,73.0,48.0,57.0,64.0,50.0,73.0,58.0,36,39.0
24.0,41.0,76.0,57,86.0,77.0,34,56,107.0,46.0,92.0,63.0,50.0,187.0,37.0,99.0,148.0,29.0,46.0,26.0,47.0,28.0,32.0,123.0,48,25.0,43,142.0,83.0,66.0,48.0,84.0,43.0,59.0,96.0,79.0,73.0,30.0,36.0,33.0,31,45.0,26.0,42.0,30.0,88.0,35.0,27.0,32.0,48.0,20.0,52.0,47.0,26.0,71.0,42.0,52.0,43.0,35.0,46.0,66.0,58.0,51.0,33,81.0
32.0,120.0,59.0,53,66.0,59.0,65,79,75.0,57.0,27.0,99.0,109.0,82.0,33.0,139.0,29.0,31.0,35.0,35.0,38.0,37.0,45.0,76.0,40,28.0,34,69.0,81.0,31.0,49.0,98.0,36.0,78.0,120.0,82.0,35.0,43.0,24.0,47.0,47,51.0,25.0,35.0,24.0,76.0,17.0,29.0,53.0,44.0,25.0,53.0,44.0,49.0,61.0,23.0,47.0,50.0,31.0,32.0,67.0,52.0,51.0,37,51.0
23.0,52.0,51.0,61,99.0,40.0,70,36,112.0,65.0,73.0,57.0,57.0,182.0,54.0,53.0,105.0,36.0,33.0,27.0,38.0,43.0,34.0,84.0,42,34.0,48,63.0,158.0,35.0,77.0,101.0,26.0,59.0,58.0,78.0,73.0,46.0,48.0,47.0,76,52.0,30.0,43.0,22.0,77.0,20.0,37.0,40.0,35.0,30.0,81.0,23.0,43.0,61.0,46.0,45.0,30.0,22.0,49.0,85.0,34.0,64.0,61,51.0
25.0,67.0,49.0,64,52.0,50.0,48,103,91.0,93.0,44.0,92.0,41.0,118.0,53.0,61.0,35.0,37.0,31.0,34.0,38.0,37.0,26.0,115.0,24,28.0,78,119.0,69.0,66.0,52.0,88.0,36.0,38.0,59.0,63.0,107.0,121.0,42.0,105.0,36,75.0,19.0,27.0,59.0,25.0,33.0,39.0,69.0,41.0,22.0,36.0,26.0,37.0,33.0,26.0,49.0,45.0,29.0,40.0,142.0,46.0,90.0,32,41.0
33.0,23.0,31.0,44,102.0,69.0,115,63,66.0,41.0,41.0,66.0,63.0,121.0,56.0,114.0,47.0,29.0,29.0,21.0,46.0,27.0,23.0,146.0,75,55.0,34,84.0,37.0,41.0,32.0,100.0,24.0,41.0,85.0,46.0,77.0,30.0,34.0,56.0,30,32.0,18.0,42.0,46.0,55.0,29.0,22.0,176.0,56.0,20.0,41.0,99.0,67.0,81.0,20.0,35.0,40.0,19.0,92.0,34.0,146.0,28.0,45,60.0
19.0,38.0,77.0,70,101.0,48.0,35,61,55.0,31.0,47.0,57.0,50.0,208.0,26.0,160.0,26.0,40.0,25.0,24.0,31.0,31.0,45.0,96.0,45,18.0,45,92.0,108.0,35.0,34.0,99.0,43.0,89.0,167.0,47.0,42.0,45.0,28.0,43.0,37,36.0,22.0,36.0,28.0,80.0,21.0,20.0,58.0,40.0,31.0,32.0,62.0,33.0,83.0,42.0,37.0,36.0,19.0,27.0,49.0,64.0,37.0,63,39.0
22.0,48.0,29.0,44,63.0,76.0,57,38,43.0,61.0,46.0,32.0,95.0,165.0,21.0,33.0,30.0,87.0,34.0,21.0,42.0,31.0,24.0,106.0,63,33.0,75,98.0,43.0,51.0,48.0,77.0,91.0,86.0,96.0,62.0,68.0,55.0,31.0,71.0,50,61.0,25.0,32.0,20.0,56.0,23.0,37.0,58.0,40.0,29.0,38.0,39.0,34.0,91.0,29.0,32.0,47.0,18.0,75.0,50.0,48.0,31.0,71,36.0
19.0,34.0,88.0,32,38.0,63.0,53,60,131.0,90.0,29.0,27.0,42.0,59.0,43.0,45.0,48.0,39.0,29.0,20.0,37.0,23.0,21.0,45.0,30,23.0,83,39.0,124.0,87.0,57.0,92.0,28.0,63.0,69.0,72.0,50.0,53.0,113.0,58.0,32,81.0,36.0,23.0,18.0,40.0,25.0,34.0,89.0,62.0,21.0,43.0,33.0,58.0,28.0,22.0,39.0,39.0,16.0,50.0,91.0,62.0,46.0,69,36.0
22.0,42.0,31.0,31,88.0,65.0,52,55,187.0,58.0,63.0,57.0,37.0,101.0,34.0,77.0,124.0,36.0,22.0,30.0,39.0,56.0,22.0,53.0,38,23.0,99,59.0,149.0,25.0,42.0,81.0,22.0,56.0,126.0,40.0,33.0,45.0,19.0,31.0,28,55.0,20.0,26.0,20.0,44.0,18.0,47.0,26.0,76.0,21.0,38.0,26.0,41.0,41.0,26.0,25.0,38.0,26.0,45.0,49.0,62.0,39.0,34,74.0
20.0,30.0,40.0,85,44.0,33.0,49,47,45.0,64.0,41.0,55.0,19.0,168.0,22.0,143.0,17.0,65.0,31.0,23.0,25.0,24.0,35.0,56.0,29,24.0,50,54.0,67.0,36.0,64.0,34.0,36.0,89.0,41.0,65.0,47.0,35.0,38.0,46.0,34,38.0,19.0,36.0,26.0,44.0,21.0,59.0,95.0,37.0,29.0,72.0,26.0,32.0,63.0,22.0,46.0,29.0,15.0,53.0,44.0,48.0,50.0,30,34.0
19.0,24.0,63.0,52,103.0,38.0,52,56,50.0,49.0,87.0,42.0,35.0,76.0,33.0,127.0,37.0,26.0,25.0,27.0,27.0,41.0,37.0,102.0,80,22.0,42,118.0,49.0,24.0,43.0,64.0,23.0,61.0,90.0,24.0,33.0,81.0,39.0,35.0,23,27.0,21.0,29.0,16.0,71.0,25.0,20.0,33.0,30.0,39.0,19.0,25.0,50.0,61.0,17.0,28.0,39.0,20.0,38.0,66.0,52.0,56.0,32,47.0
19.0,35.0,36.0,36,60.0,33.0,52,43,46.0,26.0,43.0,41.0,33.0,55.0,28.0,61.0,22.0,43.0,33.0,30.0,33.0,30.0,23.0,137.0,49,21.0,51,44.0,82.0,31.0,26.0,55.0,23.0,48.0,39.0,50.0,33.0,27.0,24.0,31.0,29,51.0,17.0,17.0,16.0,37.0,36.0,27.0,164.0,33.0,22.0,26.0,23.0,33.0,44.0,20.0,50.0,46.0,18.0,116.0,92.0,76.0,54.0,32,26.0
21.0,33.0,32.0,27,41.0,51.0,49,32,41.0,27.0,57.0,49.0,23.0,47.0,42.0,126.0,22.0,38.0,67.0,20.0,57.0,28.0,31.0,89.0,62,19.0,72,75.0,87.0,64.0,48.0,49.0,17.0,24.0,38.0,128.0,62.0,57.0,24.0,28.0,56,24.0,19.0,18.0,16.0,69.0,27.0,37.0,35.0,30.0,22.0,39.0,21.0,26.0,59.0,21.0,32.0,30.0,18.0,51.0,43.0,62.0,34.0,48,58.0
17.0,36.0,36.0,15,88.0,26.0,41,47,54.0,61.0,39.0,25.0,76.0,56.0,28.0,54.0,18.0,52.0,44.0,14.0,23.0,29.0,28.0,63.0,38,26.0,39,27.0,56.0,20.0,44.0,51.0,20.0,47.0,52.0,26.0,48.0,25.0,20.0,130.0,71,30.0,18.0,63.0,37.0,40.0,19.0,52.0,34.0,23.0,17.0,23.0,77.0,22.0,53.0,16.0,44.0,35.0,17.0,25.0,69.0,37.0,31.0,29,92.0
16.0,37.0,35.0,53,123.0,39.0,39,54,49.0,33.0,41.0,44.0,35.0,110.0,29.0,127.0,17.0,36.0,21.0,27.0,23.0,33.0,48.0,52.0,27,38.0,42,28.0,45.0,60.0,29.0,23.0,20.0,24.0,35.0,30.0,44.0,19.0,33.0,34.0,65,20.0,23.0,20.0,18.0,41.0,24.0,58.0,34.0,26.0,22.0,19.0,48.0,77.0,40.0,57.0,25.0,25.0,17.0,24.0,38.0,159.0,38.0,36,84.0
19.0,27.0,49.0,32,230.0,43.0,27,56,36.0,47.0,54.0,46.0,20.0,52.0,24.0,54.0,17.0,24.0,22.0,16.0,17.0,18.0,23.0,57.0,26,21.0,34,68.0,75.0,24.0,27.0,124.0,22.0,33.0,35.0,29.0,58.0,19.0,49.0,38.0,31,51.0,17.0,16.0,15.0,52.0,16.0,47.0,54.0,26.0,29.0,26.0,38.0,69.0,82.0,19.0,33.0,50.0,15.0,35.0,43.0,71.0,27.0,51,42.0
24.0,27.0,67.0,59,44.0,44.0,46,73,45.0,65.0,54.0,28.0,24.0,36.0,46.0,55.0,34.0,39.0,20.0,46.0,23.0,23.0,30.0,69.0,33,28.0,38,59.0,93.0,17.0,32.0,44.0,28.0,59.0,40.0,107.0,69.0,27.0,20.0,25.0,36,36.0,14.0,18.0,29.0,70.0,22.0,22.0,92.0,34.0,21.0,99.0,26.0,53.0,81.0,15.0,25.0,31.0,19.0,42.0,37.0,41.0,46.0,58,31.0
25.0,23.0,29.0,35,77.0,35.0,31,27,87.0,75.0,52.0,33.0,32.0,46.0,31.0,80.0,47.0,44.0,26.0,17.0,33.0,22.0,18.0,59.0,39,37.0,40,55.0,105.0,19.0,22.0,53.0,33.0,38.0,88.0,25.0,30.0,17.0,16.0,26.0,34,31.0,15.0,17.0,19.0,35.0,19.0,25.0,56.0,34.0,28.0,29.0,59.0,59.0,131.0,23.0,26.0,46.0,14.0,23.0,32.0,36.0,27.0,32,55.0
20.0,50.0,71.0,42,39.0,96.0,59,79,60.0,40.0,47.0,97.0,41.0,87.0,30.0,118.0,18.0,42.0,23.0,21.0,25.0,31.0,25.0,42.0,29,59.0,67,88.0,57.0,59.0,79.0,38.0,24.0,51.0,40.0,31.0,92.0,20.0,18.0,58.0,55,56.0,15.0,35.0,24.0,88.0,19.0,30.0,29.0,37.0,31.0,30.0,33.0,23.0,50.0,17.0,19.0,83.0,18.0,31.0,81.0,40.0,23.0,51,32.0
20.0,32.0,42.0,39,68.0,34.0,35,60,191.0,32.0,49.0,28.0,31.0,33.0,23.0,50.0,20.0,25.0,49.0,25.0,50.0,53.0,21.0,34.0,37,31.0,64,33.0,63.0,24.0,35.0,85.0,30.0,37.0,33.0,25.0,34.0,18.0,19.0,35.0,40,19.0,18.0,18.0,13.0,84.0,18.0,17.0,38.0,24.0,21.0,22.0,26.0,46.0,54.0,15.0,27.0,23.0,13.0,32.0,34.0,47.0,20.0,30,34.0
19.0,49.0,56.0,38,56.0,25.0,33,61,38.0,28.0,34.0,67.0,25.0,79.0,24.0,33.0,18.0,53.0,21.0,22.0,31.0,20.0,28.0,67.0,67,21.0,36,52.0,44.0,25.0,24.0,33.0,19.0,48.0,45.0,21.0,51.0,15.0,29.0,24.0,40,32.0,17.0,44.0,10.0,43.0,35.0,20.0,109.0,43.0,40.0,24.0,25.0,23.0,44.0,16.0,44.0,33.0,18.0,29.0,52.0,89.0,39.0,24,49.0
19.0,41.0,31.0,24,27.0,81.0,35,43,36.0,26.0,24.0,70.0,34.0,185.0,17.0,78.0,16.0,21.0,40.0,20.0,22.0,54.0,21.0,70.0,34,25.0,23,57.0,75.0,15.0,38.0,33.0,18.0,36.0,38.0,17.0,63.0,19.0,28.0,21.0,41,55.0,14.0,50.0,13.0,53.0,19.0,17.0,88.0,29.0,21.0,16.0,20.0,47.0,46.0,20.0,18.0,25.0,14.0,27.0,35.0,62.0,23.0,22,35.0
19.0,37.0,31.0,36,77.0,25.0,129,36,33.0,55.0,30.0,67.0,18.0,82.0,16.0,91.0,28.0,22.0,21.0,31.0,23.0,29.0,29.0,76.0,38,23.0,75,65.0,97.0,16.0,23.0,32.0,14.0,29.0,27.0,29.0,20.0,16.0,16.0,29.0,25,33.0,16.0,26.0,12.0,25.0,15.0,31.0,25.0,27.0,36.0,17.0,51.0,28.0,73.0,16.0,42.0,20.0,16.0,40.0,45.0,78.0,22.0,71,43.0
22.0,21.0,22.0,35,62.0,42.0,87,86,123.0,22.0,26.0,54.0,22.0,56.0,17.0,34.0,16.0,28.0,81.0,15.0,18.0,24.0,23.0,45.0,36,21.0,30,32.0,51.0,28.0,21.0,37.0,23.0,24.0,31.0,32.0,134.0,17.0,21.0,19.0,44,25.0,,126.0,12.0,61.0,14.0,18.0,41.0,19.0,27.0,16.0,21.0,72.0,56.0,15.0,21.0,21.0,14.0,61.0,101.0,31.0,31.0,32,41.0
18.0,26.0,43.0,28,49.0,47.0,32,32,42.0,38.0,39.0,116.0,16.0,89.0,17.0,45.0,13.0,72.0,18.0,21.0,18.0,24.0,15.0,55.0,35,45.0,52,44.0,43.0,16.0,18.0,36.0,19.0,40.0,42.0,48.0,25.0,18.0,20.0,24.0,25,17.0,,16.0,,29.0,21.0,14.0,24.0,22.0,17.0,24.0,29.0,60.0,29.0,18.0,21.0,18.0,18.0,40.0,37.0,44.0,24.0,34,23.0
18.0,23.0,28.0,47,66.0,44.0,82,26,31.0,34.0,32.0,33.0,19.0,53.0,64.0,78.0,19.0,32.0,18.0,17.0,16.0,41.0,18.0,44.0,43,20.0,64,95.0,37.0,20.0,22.0,26.0,36.0,53.0,25.0,16.0,42.0,19.0,13.0,19.0,24,29.0,,17.0,,61.0,19.0,13.0,29.0,23.0,15.0,22.0,40.0,18.0,47.0,12.0,41.0,23.0,27.0,23.0,63.0,52.0,48.0,41,26.0
18.0,19.0,21.0,44,28.0,32.0,41,65,25.0,27.0,62.0,32.0,34.0,44.0,24.0,173.0,117.0,50.0,18.0,50.0,20.0,23.0,17.0,79.0,67,19.0,85,37.0,41.0,16.0,26.0,38.0,19.0,55.0,69.0,23.0,135.0,12.0,31.0,23.0,46,18.0,,40.0,,43.0,18.0,22.0,40.0,22.0,23.0,49.0,19.0,24.0,45.0,,19.0,23.0,14.0,26.0,36.0,34.0,19.0,38,20.0
15.0,39.0,25.0,58,55.0,135.0,46,37,38.0,57.0,42.0,60.0,26.0,147.0,29.0,28.0,18.0,44.0,20.0,17.0,19.0,22.0,18.0,61.0,84,16.0,95,33.0,55.0,49.0,27.0,53.0,20.0,36.0,76.0,20.0,77.0,14.0,13.0,19.0,41,28.0,,13.0,,26.0,19.0,27.0,46.0,24.0,18.0,17.0,33.0,20.0,41.0,,21.0,19.0,24.0,28.0,29.0,66.0,21.0,27,19.0
16.0,31.0,36.0,35,76.0,44.0,48,54,27.0,91.0,27.0,27.0,17.0,48.0,17.0,45.0,13.0,23.0,19.0,58.0,16.0,21.0,15.0,52.0,43,18.0,39,41.0,86.0,17.0,19.0,80.0,16.0,22.0,45.0,33.0,89.0,17.0,13.0,19.0,28,81.0,,13.0,,30.0,18.0,28.0,26.0,19.0,20.0,21.0,20.0,23.0,66.0,,19.0,50.0,14.0,29.0,28.0,41.0,18.0,30,17.0
16.0,20.0,26.0,42,36.0,51.0,59,26,136.0,32.0,36.0,42.0,21.0,61.0,24.0,69.0,,22.0,16.0,20.0,17.0,29.0,42.0,43.0,45,21.0,70,68.0,51.0,20.0,20.0,86.0,19.0,64.0,23.0,22.0,22.0,58.0,,30.0,35,20.0,,16.0,,105.0,22.0,18.0,48.0,29.0,19.0,20.0,20.0,26.0,34.0,,48.0,20.0,20.0,57.0,56.0,45.0,14.0,49,36.0
24.0,27.0,23.0,33,47.0,63.0,74,93,33.0,38.0,50.0,41.0,23.0,37.0,27.0,70.0,,24.0,17.0,14.0,20.0,43.0,18.0,43.0,25,18.0,26,50.0,32.0,86.0,67.0,24.0,19.0,27.0,50.0,17.0,38.0,,,24.0,44,16.0,,16.0,,62.0,15.0,14.0,32.0,18.0,13.0,40.0,15.0,20.0,41.0,,36.0,19.0,18.0,21.0,75.0,31.0,15.0,46,27.0
12.0,21.0,60.0,41,32.0,23.0,60,33,57.0,31.0,63.0,75.0,58.0,133.0,17.0,39.0,,25.0,22.0,15.0,15.0,48.0,57.0,92.0,49,15.0,36,46.0,96.0,26.0,19.0,35.0,17.0,33.0,47.0,20.0,93.0,,,15.0,32,62.0,,18.0,,37.0,16.0,145.0,35.0,28.0,18.0,17.0,15.0,20.0,45.0,,24.0,21.0,38.0,50.0,46.0,65.0,16.0,41,71.0
,85.0,23.0,22,41.0,64.0,50,29,60.0,26.0,50.0,53.0,16.0,27.0,21.0,93.0,,41.0,17.0,17.0,15.0,22.0,17.0,35.0,38,29.0,50,31.0,52.0,31.0,19.0,33.0,21.0,256.0,21.0,24.0,46.0,,,15.0,46,28.0,,15.0,,43.0,18.0,16.0,26.0,22.0,14.0,74.0,31.0,23.0,50.0,,19.0,46.0,32.0,28.0,49.0,32.0,33.0,27,22.0
,18.0,27.0,33,54.0,37.0,50,34,42.0,36.0,30.0,29.0,25.0,31.0,12.0,37.0,,19.0,20.0,16.0,14.0,19.0,21.0,37.0,37,22.0,30,49.0,40.0,17.0,21.0,75.0,15.0,21.0,57.0,32.0,30.0,,,17.0,45,14.0,,18.0,,28.0,13.0,17.0,38.0,15.0,25.0,12.0,41.0,60.0,24.0,,18.0,24.0,15.0,58.0,33.0,49.0,20.0,28,53.0
,16.0,28.0,25,43.0,24.0,30,36,28.0,57.0,54.0,49.0,18.0,88.0,14.0,28.0,,40.0,13.0,13.0,19.0,28.0,14.0,38.0,32,17.0,33,41.0,81.0,,25.0,93.0,18.0,33.0,88.0,40.0,75.0,,,15.0,30,19.0,,18.0,,39.0,16.0,22.0,32.0,17.0,16.0,14.0,16.0,20.0,33.0,,20.0,16.0,,45.0,31.0,46.0,15.0,20,24.0
,19.0,24.0,47,53.0,36.0,45,48,32.0,75.0,23.0,35.0,32.0,23.0,,212.0,,19.0,12.0,,15.0,23.0,25.0,100.0,47,18.0,20,33.0,56.0,,18.0,34.0,16.0,31.0,49.0,18.0,49.0,,,15.0,35,51.0,,20.0,,28.0,13.0,15.0,47.0,20.0,18.0,14.0,19.0,18.0,89.0,,20.0,19.0,,88.0,46.0,45.0,30.0,32,22.0
,24.0,18.0,29,41.0,97.0,61,28,176.0,31.0,22.0,88.0,,45.0,,28.0,,26.0,14.0,,16.0,19.0,13.0,132.0,56,19.0,27,87.0,24.0,,21.0,34.0,20.0,21.0,23.0,14.0,29.0,,,44.0,52,21.0,,75.0,,47.0,15.0,18.0,70.0,23.0,13.0,,73.0,19.0,27.0,,17.0,22.0,,66.0,76.0,51.0,15.0,34,23.0
,21.0,17.0,75,37.0,48.0,51,40,24.0,31.0,52.0,65.0,,40.0,,93.0,,22.0,19.0,,15.0,21.0,16.0,39.0,30,48.0,41,25.0,41.0,,19.0,36.0,12.0,19.0,25.0,16.0,62.0,,,20.0,28,28.0,,51.0,,23.0,26.0,38.0,70.0,16.0,,,35.0,20.0,43.0,,19.0,14.0,,36.0,38.0,23.0,13.0,76,19.0
,16.0,16.0,25,69.0,95.0,89,28,72.0,45.0,43.0,32.0,,21.0,,132.0,,34.0,16.0,,22.0,20.0,17.0,27.0,51,23.0,47,90.0,42.0,,27.0,26.0,12.0,131.0,34.0,18.0,39.0,,,14.0,39,16.0,,25.0,,34.0,14.0,48.0,43.0,17.0,,,17.0,25.0,75.0,,40.0,16.0,,42.0,28.0,50.0,14.0,46,20.0
,55.0,22.0,27,71.0,30.0,51,46,88.0,41.0,40.0,95.0,,52.0,,32.0,,52.0,13.0,,,33.0,18.0,34.0,29,13.0,32,41.0,54.0,,28.0,59.0,16.0,24.0,33.0,,70.0,,,15.0,42,30.0,,18.0,,40.0,,25.0,29.0,17.0,,,20.0,68.0,44.0,,18.0,24.0,,23.0,33.0,32.0,34.0,116,20.0
,21.0,19.0,48,80.0,32.0,38,64,31.0,74.0,59.0,43.0,,55.0,,35.0,,34.0,19.0,,,22.0,15.0,57.0,27,30.0,47,63.0,29.0,,18.0,37.0,17.0,22.0,23.0,,48.0,,,19.0,45,21.0,,12.0,,51.0,,47.0,23.0,19.0,,,,21.0,58.0,,25.0,13.0,,34.0,31.0,46.0,136.0,27,36.0
,17.0,19.0,24,42.0,58.0,29,45,24.0,18.0,30.0,40.0,,48.0,,35.0,,18.0,18.0,,,21.0,18.0,53.0,32,18.0,46,62.0,112.0,,16.0,24.0,15.0,19.0,133.0,,48.0,,,13.0,21,32.0,,14.0,,52.0,,32.0,22.0,15.0,,,,40.0,28.0,,28.0,13.0,,27.0,38.0,45.0,40.0,50,20.0
,16.0,21.0,26,35.0,80.0,40,36,31.0,29.0,39.0,30.0,,33.0,,65.0,,17.0,29.0,,,37.0,23.0,39.0,61,14.0,127,39.0,26.0,,21.0,30.0,,30.0,33.0,,25.0,,,15.0,40,15.0,,,,24.0,,,75.0,23.0,,,,28.0,37.0,,21.0,15.0,,33.0,40.0,97.0,,66,19.0
,16.0,19.0,32,45.0,23.0,27,66,148.0,20.0,34.0,87.0,,34.0,,35.0,,29.0,,,,24.0,,63.0,32,15.0,44,57.0,25.0,,17.0,97.0,,56.0,49.0,,34.0,,,15.0,34,14.0,,,,25.0,,,57.0,13.0,,,,17.0,57.0,,28.0,,,26.0,34.0,29.0,,54,29.0
,18.0,17.0,45,31.0,32.0,34,39,38.0,39.0,23.0,46.0,,30.0,,25.0,,24.0,,,,23.0,,47.0,36,14.0,38,92.0,26.0,,18.0,40.0,,14.0,72.0,,26.0,,,,44,38.0,,,,45.0,,,34.0,14.0,,,,27.0,104.0,,16.0,,,25.0,59.0,53.0,,33,26.0
,75.0,12.0,26,34.0,101.0,42,34,24.0,30.0,36.0,26.0,,24.0,,41.0,,15.0,,,,15.0,,79.0,60,17.0,30,54.0,32.0,,17.0,45.0,,16.0,43.0,,53.0,,,,42,18.0,,,,54.0,,,29.0,15.0,,,,39.0,79.0,,19.0,,,28.0,36.0,50.0,,45,16.0
,,16.0,46,64.0,53.0,45,44,25.0,60.0,30.0,41.0,,33.0,,37.0,,18.0,,,,42.0,,46.0,29,,41,109.0,18.0,,19.0,30.0,,17.0,24.0,,24.0,,,,21,17.0,,,,58.0,,,104.0,17.0,,,,21.0,74.0,,21.0,,,65.0,21.0,19.0,,30,17.0
,,13.0,41,41.0,37.0,35,47,58.0,22.0,65.0,47.0,,23.0,,201.0,,19.0,,,,21.0,,318.0,56,,32,31.0,28.0,,17.0,28.0,,20.0,25.0,,58.0,,,,50,16.0,,,,38.0,,,25.0,22.0,,,,22.0,50.0,,16.0,,,33.0,103.0,21.0,,34,21.0
,,14.0,54,27.0,69.0,57,27,26.0,31.0,21.0,29.0,,35.0,,227.0,,29.0,,,,18.0,,104.0,47,,22,43.0,26.0,,27.0,47.0,,25.0,26.0,,43.0,,,,44,14.0,,,,24.0,,,51.0,15.0,,,,13.0,48.0,,16.0,,,35.0,139.0,98.0,,26,30.0
,,73.0,37,34.0,37.0,35,31,26.0,26.0,60.0,77.0,,19.0,,34.0,,23.0,,,,18.0,,21.0,19,,38,29.0,21.0,,18.0,98.0,,17.0,30.0,,27.0,,,,38,17.0,,,,70.0,,,25.0,,,,,17.0,119.0,,18.0,,,33.0,49.0,54.0,,84,16.0
,,15.0,57,31.0,34.0,30,83,24.0,35.0,30.0,37.0,,38.0,,37.0,,19.0,,,,50.0,,30.0,23,,55,49.0,37.0,,14.0,75.0,,144.0,54.0,,79.0,,,,51,18.0,,,,40.0,,,31.0,,,,,79.0,38.0,,29.0,,,33.0,151.0,71.0,,27,19.0
,,89.0,31,23.0,25.0,64,39,27.0,52.0,38.0,65.0,,73.0,,90.0,,20.0,,,,14.0,,25.0,29,,41,51.0,31.0,,23.0,64.0,,28.0,49.0,,43.0,,,,29,13.0,,,,29.0,,,105.0,,,,,111.0,52.0,,33.0,,,26.0,37.0,27.0,,34,19.0
,,25.0,26,31.0,38.0,33,33,21.0,22.0,21.0,57.0,,23.0,,43.0,,13.0,,,,31.0,,55.0,35,,37,40.0,36.0,,17.0,35.0,,15.0,36.0,,44.0,,,,32,15.0,,,,45.0,,,77.0,,,,,23.0,23.0,,65.0,,,29.0,23.0,22.0,,36,17.0
,,15.0,28,40.0,61.0,32,43,32.0,47.0,38.0,51.0,,23.0,,42.0,,22.0,,,,23.0,,23.0,31,,82,38.0,21.0,,29.0,21.0,,17.0,27.0,,39.0,,,,37,17.0,,,,49.0,,,36.0,,,,,16.0,59.0,,18.0,,,30.0,53.0,20.0,,31,18.0
,,12.0,25,38.0,39.0,36,33,30.0,29.0,23.0,32.0,,232.0,,56.0,,19.0,,,,12.0,,74.0,45,,64,28.0,22.0,,21.0,68.0,,30.0,24.0,,60.0,,,,43,,,,,113.0,,,43.0,,,,,43.0,39.0,,15.0,,,26.0,20.0,36.0,,40,52.0
,,113.0,47,38.0,22.0,59,140,36.0,25.0,24.0,21.0,,21.0,,19.0,,18.0,,,,19.0,,26.0,29,,42,32.0,24.0,,24.0,26.0,,,19.0,,36.0,,,,30,,,,,38.0,,,24.0,,,,,61.0,30.0,,12.0,,,59.0,31.0,68.0,,36,37.0
,,,64,48.0,30.0,30,72,27.0,18.0,47.0,25.0,,63.0,,41.0,,17.0,,,,14.0,,44.0,32,,40,41.0,27.0,,35.0,71.0,,,21.0,,104.0,,,,54,,,,,63.0,,,19.0,,,,,18.0,41.0,,37.0,,,20.0,36.0,48.0,,28,38.0
,,,41,38.0,101.0,30,58,40.0,49.0,38.0,42.0,,23.0,,270.0,,64.0,,,,14.0,,33.0,29,,30,35.0,22.0,,19.0,58.0,,,18.0,,54.0,,,,48,,,,,102.0,,,30.0,,,,,11.0,41.0,,,,,68.0,64.0,43.0,,24,20.0
,,,76,30.0,32.0,28,27,33.0,30.0,41.0,52.0,,28.0,,56.0,,19.0,,,,16.0,,23.0,26,,24,26.0,20.0,,13.0,29.0,,,19.0,,45.0,,,,44,,,,,64.0,,,42.0,,,,,22.0,79.0,,,,,26.0,38.0,58.0,,29,35.0
,,,24,36.0,73.0,47,33,27.0,34.0,41.0,37.0,,40.0,,29.0,,16.0,,,,18.0,,153.0,24,,42,46.0,30.0,,13.0,26.0,,,17.0,,23.0,,,,35,,,,,102.0,,,44.0,,,,,42.0,27.0,,,,,75.0,58.0,132.0,,21,24.0
,,,34,46.0,36.0,38,34,26.0,29.0,23.0,55.0,,102.0,,44.0,,17.0,,,,14.0,,21.0,29,,36,29.0,61.0,,18.0,40.0,,,19.0,,36.0,,,,45,,,,,46.0,,,29.0,,,,,21.0,103.0,,,,,21.0,28.0,61.0,,25,17.0
,,,31,77.0,43.0,20,43,22.0,20.0,67.0,42.0,,28.0,,22.0,,25.0,,,,14.0,,71.0,27,,46,32.0,21.0,,22.0,39.0,,,16.0,,26.0,,,,53,,,,,46.0,,,60.0,,,,,19.0,52.0,,,,,21.0,106.0,78.0,,42,16.0
,,,20,35.0,38.0,53,33,37.0,26.0,30.0,28.0,,20.0,,37.0,,,,,,,,20.0,25,,132,32.0,24.0,,15.0,37.0,,,35.0,,79.0,,,,26,,,,,26.0,,,56.0,,,,,19.0,24.0,,,,,49.0,40.0,62.0,,41,40.0
,,,33,33.0,33.0,30,66,27.0,33.0,30.0,25.0,,265.0,,37.0,,,,,,,,21.0,56,,44,29.0,24.0,,45.0,38.0,,,17.0,,51.0,,,,26,,,,,38.0,,,83.0,,,,,24.0,28.0,,,,,21.0,23.0,32.0,,36,17.0
,,,33,56.0,55.0,22,23,23.0,27.0,59.0,39.0,,24.0,,55.0,,,,,,,,39.0,51,,61,57.0,38.0,,12.0,39.0,,,21.0,,100.0,,,,50,,,,,50.0,,,23.0,,,,,20.0,43.0,,,,,31.0,33.0,22.0,,20,19.0
,,,25,28.0,36.0,21,74,41.0,73.0,29.0,44.0,,99.0,,27.0,,,,,,,,22.0,35,,23,65.0,69.0,,13.0,31.0,,,24.0,,30.0,,,,31,,,,,158.0,,,33.0,,,,,24.0,48.0,,,,,21.0,122.0,33.0,,27,19.0
,,,37,29.0,50.0,36,44,31.0,23.0,40.0,19.0,,40.0,,34.0,,,,,,,,20.0,62,,33,32.0,46.0,,12.0,89.0,,,119.0,,31.0,,,,31,,,,,22.0,,,62.0,,,,,18.0,36.0,,,,,33.0,26.0,39.0,,58,17.0
,,,26,28.0,34.0,31,36,19.0,25.0,39.0,43.0,,28.0,,105.0,,,,,,,,35.0,40,,96,60.0,21.0,,14.0,40.0,,,55.0,,49.0,,,,35,,,,,96.0,,,107.0,,,,,18.0,47.0,,,,,64.0,36.0,73.0,,31,28.0
,,,23,30.0,32.0,78,19,21.0,22.0,21.0,30.0,,21.0,,19.0,,,,,,,,17.0,25,,31,139.0,21.0,,13.0,23.0,,,52.0,,31.0,,,,21,,,,,50.0,,,19.0,,,,,16.0,142.0,,,,,27.0,26.0,47.0,,35,32.0
,,,31,62.0,44.0,52,33,22.0,26.0,20.0,19.0,,25.0,,38.0,,,,,,,,43.0,93,,36,20.0,46.0,,17.0,87.0,,,17.0,,26.0,,,,50,,,,,39.0,,,49.0,,,,,,83.0,,,,,24.0,43.0,65.0,,27,13.0
,,,27,54.0,30.0,46,28,69.0,49.0,29.0,47.0,,18.0,,47.0,,,,,,,,19.0,26,,42,28.0,21.0,,,29.0,,,29.0,,55.0,,,,37,,,,,54.0,,,136.0,,,,,,50.0,,,,,79.0,22.0,51.0,,30,20.0
,,,19,26.0,43.0,45,40,20.0,27.0,26.0,31.0,,18.0,,155.0,,,,,,,,28.0,22,,28,40.0,46.0,,,21.0,,,59.0,,54.0,,,,29,,,,,28.0,,,24.0,,,,,,36.0,,,,,39.0,60.0,27.0,,24,12.0
,,,17,70.0,50.0,39,52,87.0,19.0,20.0,21.0,,20.0,,19.0,,,,,,,,21.0,44,,25,83.0,44.0,,,22.0,,,57.0,,32.0,,,,32,,,,,44.0,,,22.0,,,,,,132.0,,,,,20.0,36.0,27.0,,36,61.0
,,,59,29.0,90.0,25,40,63.0,26.0,24.0,28.0,,18.0,,45.0,,,,,,,,20.0,36,,38,28.0,70.0,,,51.0,,,21.0,,36.0,,,,44,,,,,21.0,,,29.0,,,,,,67.0,,,,,33.0,47.0,44.0,,37,31.0
,,,27,28.0,25.0,26,22,39.0,42.0,44.0,27.0,,34.0,,20.0,,,,,,,,27.0,58,,26,30.0,24.0,,,69.0,,,24.0,,17.0,,,,23,,,,,27.0,,,23.0,,,,,,36.0,,,,,24.0,25.0,47.0,,24,
,,,33,44.0,52.0,49,29,19.0,29.0,32.0,20.0,,21.0,,21.0,,,,,,,,62.0,33,,23,33.0,28.0,,,57.0,,,65.0,,18.0,,,,40,,,,,35.0,,,58.0,,,,,,76.0,,,,,21.0,38.0,18.0,,21,
,,,60,29.0,35.0,23,42,81.0,48.0,31.0,32.0,,16.0,,28.0,,,,,,,,24.0,36,,39,48.0,22.0,,,24.0,,,43.0,,27.0,,,,27,,,,,54.0,,,51.0,,,,,,53.0,,,,,30.0,20.0,22.0,,23,
,,,29,103.0,57.0,26,40,17.0,37.0,25.0,30.0,,22.0,,23.0,,,,,,,,19.0,27,,36,85.0,185.0,,,54.0,,,32.0,,35.0,,,,43,,,,,61.0,,,82.0,,,,,,48.0,,,,,47.0,22.0,18.0,,25,
,,,32,38.0,43.0,31,34,22.0,46.0,44.0,42.0,,97.0,,66.0,,,,,,,,30.0,36,,77,45.0,22.0,,,21.0,,,25.0,,119.0,,,,26,,,,,42.0,,,33.0,,,,,,18.0,,,,,40.0,22.0,46.0,,23,
,,,21,24.0,21.0,26,28,21.0,36.0,47.0,21.0,,,,50.0,,,,,,,,41.0,54,,39,32.0,22.0,,,32.0,,,15.0,,51.0,,,,34,,,,,58.0,,,24.0,,,,,,36.0,,,,,24.0,32.0,29.0,,23,
,,,27,70.0,46.0,26,39,27.0,54.0,32.0,23.0,,,,20.0,,,,,,,,32.0,45,,32,32.0,23.0,,,35.0,,,20.0,,68.0,,,,37,,,,,35.0,,,117.0,,,,,,38.0,,,,,31.0,39.0,34.0,,22,
,,,31,84.0,60.0,38,33,39.0,39.0,30.0,31.0,,,,22.0,,,,,,,,182.0,57,,24,43.0,19.0,,,52.0,,,20.0,,97.0,,,,23,,,,,29.0,,,26.0,,,,,,56.0,,,,,58.0,24.0,28.0,,36,
,,,22,22.0,116.0,27,130,131.0,30.0,19.0,33.0,,,,164.0,,,,,,,,18.0,22,,50,116.0,23.0,,,66.0,,,21.0,,65.0,,,,48,,,,,27.0,,,105.0,,,,,,44.0,,,,,30.0,20.0,45.0,,52,
,,,23,28.0,28.0,32,23,227.0,21.0,25.0,27.0,,,,16.0,,,,,,,,22.0,43,,65,131.0,14.0,,,28.0,,,24.0,,20.0,,,,35,,,,,50.0,,,60.0,,,,,,42.0,,,,,22.0,20.0,21.0,,21,
,,,19,29.0,14.0,39,41,64.0,23.0,23.0,35.0,,,,49.0,,,,,,,,29.0,20,,38,30.0,88.0,,,27.0,,,43.0,,25.0,,,,37,,,,,25.0,,,37.0,,,,,,23.0,,,,,17.0,31.0,22.0,,20,
,,,51,64.0,43.0,64,22,26.0,29.0,24.0,72.0,,,,29.0,,,,,,,,112.0,26,,32,36.0,39.0,,,17.0,,,21.0,,39.0,,,,35,,,,,22.0,,,28.0,,,,,,55.0,,,,,25.0,19.0,32.0,,27,
,,,44,39.0,45.0,28,42,232.0,39.0,21.0,32.0,,,,48.0,,,,,,,,18.0,30,,31,27.0,17.0,,,63.0,,,36.0,,26.0,,,,44,,,,,19.0,,,29.0,,,,,,29.0,,,,,17.0,18.0,24.0,,41,
,,,23,43.0,68.0,61,31,31.0,25.0,24.0,25.0,,,,17.0,,,,,,,,27.0,24,,30,23.0,24.0,,,46.0,,,41.0,,41.0,,,,41,,,,,85.0,,,29.0,,,,,,29.0,,,,,32.0,20.0,35.0,,54,
,,,27,61.0,26.0,20,107,24.0,26.0,24.0,21.0,,,,16.0,,,,,,,,56.0,22,,49,26.0,18.0,,,24.0,,,38.0,,47.0,,,,34,,,,,29.0,,,61.0,,,,,,104.0,,,,,18.0,55.0,40.0,,42,
,,,38,40.0,75.0,28,97,18.0,62.0,50.0,24.0,,,,20.0,,,,,,,,18.0,44,,52,20.0,25.0,,,20.0,,,26.0,,27.0,,,,34,,,,,32.0,,,22.0,,,,,,46.0,,,,,20.0,35.0,48.0,,22,
,,,26,54.0,38.0,53,23,17.0,25.0,33.0,23.0,,,,15.0,,,,,,,,87.0,18,,80,32.0,16.0,,,104.0,,,15.0,,97.0,,,,37,,,,,32.0,,,18.0,,,,,,51.0,,,,,46.0,19.0,37.0,,37,
,,,24,24.0,41.0,49,28,23.0,40.0,37.0,53.0,,,,98.0,,,,,,,,19.0,23,,20,25.0,12.0,,,20.0,,,13.0,,24.0,,,,20,,,,,44.0,,,61.0,,,,,,74.0,,,,,18.0,39.0,20.0,,48,
,,,30,24.0,25.0,25,39,64.0,32.0,30.0,50.0,,,,23.0,,,,,,,,249.0,39,,50,44.0,26.0,,,21.0,,,14.0,,68.0,,,,32,,,,,39.0,,,30.0,,,,,,61.0,,,,,27.0,121.0,32.0,,24,
,,,23,36.0,59.0,58,33,17.0,25.0,48.0,25.0,,,,25.0,,,,,,,,19.0,35,,36,54.0,12.0,,,27.0,,,79.0,,60.0,,,,21,,,,,93.0,,,67.0,,,,,,26.0,,,,,25.0,78.0,137.0,,70,
,,,29,92.0,17.0,29,21,32.0,21.0,24.0,22.0,,,,18.0,,,,,,,,31.0,30,,19,26.0,77.0,,,69.0,,,23.0,,26.0,,,,20,,,,,20.0,,,28.0,,,,,,48.0,,,,,22.0,22.0,58.0,,23,
,,,52,24.0,65.0,26,42,24.0,23.0,17.0,43.0,,,,55.0,,,,,,,,14.0,24,,21,26.0,78.0,,,54.0,,,42.0,,23.0,,,,32,,,,,44.0,,,37.0,,,,,,32.0,,,,,51.0,19.0,18.0,,43,
,,,21,24.0,55.0,28,42,129.0,27.0,66.0,35.0,,,,33.0,,,,,,,,113.0,42,,18,19.0,37.0,,,47.0,,,30.0,,33.0,,,,29,,,,,111.0,,,97.0,,,,,,32.0,,,,,40.0,100.0,68.0,,32,
,,,30,17.0,21.0,36,24,23.0,105.0,28.0,66.0,,,,20.0,,,,,,,,37.0,30,,23,24.0,46.0,,,53.0,,,42.0,,46.0,,,,60,,,,,17.0,,,16.0,,,,,,32.0,,,,,32.0,60.0,62.0,,19,
,,,25,18.0,36.0,22,21,36.0,108.0,24.0,40.0,,,,67.0,,,,,,,,,41,,28,37.0,80.0,,,20.0,,,18.0,,68.0,,,,34,,,,,70.0,,,96.0,,,,,,40.0,,,,,54.0,20.0,21.0,,33,
,,,28,63.0,27.0,37,46,73.0,31.0,19.0,18.0,,,,25.0,,,,,,,,,20,,90,21.0,13.0,,,27.0,,,16.0,,33.0,,,,28,,,,,35.0,,,28.0,,,,,,35.0,,,,,16.0,22.0,56.0,,18,
,,,24,28.0,89.0,27,49,27.0,26.0,29.0,24.0,,,,40.0,,,,,,,,,44,,26,61.0,31.0,,,36.0,,,40.0,,19.0,,,,26,,,,,42.0,,,25.0,,,,,,17.0,,,,,29.0,23.0,31.0,,34,
,,,21,19.0,64.0,42,30,31.0,27.0,21.0,89.0,,,,60.0,,,,,,,,,35,,45,51.0,18.0,,,31.0,,,,,42.0,,,,38,,,,,25.0,,,24.0,,,,,,37.0,,,,,19.0,87.0,86.0,,18,
,,,30,26.0,33.0,32,37,36.0,29.0,30.0,23.0,,,,25.0,,,,,,,,,49,,62,28.0,16.0,,,52.0,,,,,24.0,,,,21,,,,,31.0,,,40.0,,,,,,32.0,,,,,24.0,148.0,30.0,,20,
,,,23,18.0,60.0,27,38,60.0,24.0,23.0,30.0,,,,26.0,,,,,,,,,23,,29,41.0,15.0,,,26.0,,,,,62.0,,,,27,,,,,39.0,,,34.0,,,,,,55.0,,,,,22.0,21.0,28.0,,25,
,,,16,44.0,53.0,42,52,22.0,42.0,26.0,21.0,,,,31.0,,,,,,,,,18,,18,20.0,65.0,,,137.0,,,,,50.0,,,,18,,,,,77.0,,,85.0,,,,,,30.0,,,,,73.0,19.0,21.0,,39,
,,,16,100.0,40.0,23,23,142.0,24.0,25.0,30.0,,,,24.0,,,,,,,,,30,,20,29.0,17.0,,,56.0,,,,,41.0,,,,25,,,,,23.0,,,42.0,,,,,,37.0,,,,,43.0,101.0,23.0,,34,
,,,21,17.0,33.0,22,34,37.0,22.0,40.0,38.0,,,,20.0,,,,,,,,,25,,22,23.0,14.0,,,28.0,,,,,67.0,,,,23,,,,,30.0,,,22.0,,,,,,38.0,,,,,51.0,24.0,46.0,,26,
,,,14,40.0,51.0,31,17,139.0,49.0,24.0,36.0,,,,28.0,,,,,,,,,60,,44,181.0,13.0,,,40.0,,,,,44.0,,,,21,,,,,27.0,,,53.0,,,,,,36.0,,,,,18.0,20.0,24.0,,20,
,,,42,26.0,49.0,62,22,21.0,32.0,16.0,20.0,,,,40.0,,,,,,,,,26,,68,38.0,29.0,,,21.0,,,,,31.0,,,,19,,,,,18.0,,,23.0,,,,,,26.0,,,,,19.0,20.0,18.0,,36,
,,,28,19.0,45.0,18,58,15.0,32.0,22.0,30.0,,,,27.0,,,,,,,,,32,,63,16.0,39.0,,,55.0,,,,,69.0,,,,24,,,,,17.0,,,49.0,,,,,,37.0,,,,,37.0,27.0,75.0,,21,
,,,22,23.0,34.0,30,43,84.0,54.0,16.0,27.0,,,,85.0,,,,,,,,,41,,47,36.0,,,,26.0,,,,,21.0,,,,44,,,,,38.0,,,29.0,,,,,,42.0,,,,,27.0,23.0,30.0,,26,
,,,42,43.0,54.0,28,31,18.0,92.0,22.0,53.0,,,,62.0,,,,,,,,,54,,19,17.0,,,,51.0,,,,,21.0,,,,31,,,,,162.0,,,28.0,,,,,,35.0,,,,,19.0,22.0,58.0,,76,
,,,32,105.0,118.0,32,53,13.0,79.0,31.0,24.0,,,,287.0,,,,,,,,,54,,25,14.0,,,,22.0,,,,,59.0,,,,17,,,,,38.0,,,31.0,,,,,,50.0,,,,,24.0,66.0,46.0,,21,
,,,23,22.0,37.0,46,29,14.0,19.0,31.0,31.0,,,,29.0,,,,,,,,,37,,25,43.0,,,,24.0,,,,,25.0,,,,20,,,,,33.0,,,16.0,,,,,,23.0,,,,,25.0,112.0,24.0,,26,
,,,32,22.0,40.0,46,72,11.0,22.0,50.0,72.0,,,,,,,,,,,,,26,,46,18.0,,,,19.0,,,,,23.0,,,,19,,,,,46.0,,,78.0,,,,,,26.0,,,,,25.0,353.0,24.0,,55,
,,,19,15.0,42.0,30,42,20.0,25.0,27.0,23.0,,,,,,,,,,,,,27,,39,50.0,,,,31.0,,,,,36.0,,,,17,,,,,29.0,,,15.0,,,,,,75.0,,,,,24.0,37.0,27.0,,37,
,,,23,61.0,20.0,25,60,51.0,49.0,19.0,37.0,,,,,,,,,,,,,35,,53,19.0,,,,34.0,,,,,76.0,,,,25,,,,,32.0,,,21.0,,,,,,35.0,,,,,32.0,21.0,21.0,,23,
,,,26,32.0,19.0,50,35,18.0,35.0,48.0,23.0,,,,,,,,,,,,,36,,28,22.0,,,,73.0,,,,,32.0,,,,31,,,,,23.0,,,17.0,,,,,,23.0,,,,,35.0,61.0,81.0,,37,
,,,22,23.0,21.0,26,29,21.0,25.0,19.0,70.0,,,,,,,,,,,,,42,,21,48.0,,,,30.0,,,,,36.0,,,,28,,,,,155.0,,,24.0,,,,,,28.0,,,,,99.0,27.0,16.0,,27,
,,,26,31.0,22.0,30,33,28.0,27.0,24.0,27.0,,,,,,,,,,,,,26,,45,16.0,,,,18.0,,,,,44.0,,,,33,,,,,119.0,,,71.0,,,,,,31.0,,,,,35.0,21.0,83.0,,23,
,,,20,68.0,17.0,33,27,18.0,25.0,14.0,31.0,,,,,,,,,,,,,30,,46,18.0,,,,29.0,,,,,51.0,,,,78,,,,,26.0,,,31.0,,,,,,32.0,,,,,35.0,18.0,32.0,,71,
,,,25,143.0,80.0,19,32,16.0,21.0,24.0,21.0,,,,,,,,,,,,,32,,33,31.0,,,,21.0,,,,,24.0,,,,24,,,,,42.0,,,17.0,,,,,,41.0,,,,,22.0,26.0,14.0,,23,
,,,55,52.0,21.0,33,31,,21.0,28.0,25.0,,,,,,,,,,,,,21,,28,22.0,,,,29.0,,,,,39.0,,,,35,,,,,32.0,,,18.0,,,,,,25.0,,,,,51.0,28.0,17.0,,99,
,,,28,37.0,18.0,19,163,,17.0,11.0,28.0,,,,,,,,,,,,,26,,26,21.0,,,,25.0,,,,,56.0,,,,33,,,,,48.0,,,19.0,,,,,,39.0,,,,,18.0,90.0,20.0,,17,
,,,47,25.0,23.0,31,23,,65.0,21.0,35.0,,,,,,,,,,,,,36,,40,19.0,,,,86.0,,,,,33.0,,,,25,,,,,44.0,,,124.0,,,,,,23.0,,,,,28.0,20.0,23.0,,21,
,,,23,42.0,23.0,29,31,,36.0,25.0,31.0,,,,,,,,,,,,,49,,55,19.0,,,,46.0,,,,,21.0,,,,37,,,,,33.0,,,33.0,,,,,,60.0,,,,,30.0,16.0,14.0,,29,
,,,36,19.0,24.0,74,22,,21.0,20.0,52.0,,,,,,,,,,,,,36,,25,20.0,,,,33.0,,,,,20.0,,,,28,,,,,26.0,,,21.0,,,,,,29.0,,,,,25.0,,59.0,,31,
,,,71,55.0,30.0,17,47,,26.0,19.0,15.0,,,,,,,,,,,,,28,,47,72.0,,,,45.0,,,,,66.0,,,,28,,,,,27.0,,,28.0,,,,,,24.0,,,,,55.0,,25.0,,21,
,,,30,75.0,52.0,37,24,,31.0,26.0,20.0,,,,,,,,,,,,,22,,15,25.0,,,,49.0,,,,,31.0,,,,30,,,,,24.0,,,64.0,,,,,,17.0,,,,,31.0,,65.0,,40,
,,,19,60.0,35.0,23,26,,86.0,19.0,25.0,,,,,,,,,,,,,28,,26,16.0,,,,22.0,,,,,17.0,,,,27,,,,,22.0,,,20.0,,,,,,37.0,,,,,18.0,,33.0,,27,
,,,39,57.0,39.0,35,23,,28.0,18.0,15.0,,,,,,,,,,,,,43,,43,66.0,,,,25.0,,,,,40.0,,,,26,,,,,41.0,,,25.0,,,,,,69.0,,,,,60.0,,20.0,,36,
,,,27,35.0,41.0,40,20,,41.0,24.0,30.0,,,,,,,,,,,,,34,,29,60.0,,,,22.0,,,,,32.0,,,,22,,,,,63.0,,,40.0,,,,,,67.0,,,,,25.0,,21.0,,61,
,,,18,78.0,38.0,24,24,,27.0,20.0,42.0,,,,,,,,,,,,,21,,18,18.0,,,,30.0,,,,,30.0,,,,25,,,,,25.0,,,24.0,,,,,,34.0,,,,,50.0,,111.0,,19,
,,,29,75.0,23.0,35,26,,23.0,18.0,41.0,,,,,,,,,,,,,23,,30,17.0,,,,30.0,,,,,24.0,,,,16,,,,,33.0,,,19.0,,,,,,39.0,,,,,38.0,,44.0,,28,
,,,41,23.0,31.0,24,42,,29.0,108.0,28.0,,,,,,,,,,,,,23,,38,87.0,,,,16.0,,,,,64.0,,,,32,,,,,19.0,,,43.0,,,,,,54.0,,,,,18.0,,49.0,,39,
,,,25,168.0,43.0,23,84,,41.0,26.0,23.0,,,,,,,,,,,,,19,,28,119.0,,,,20.0,,,,,17.0,,,,28,,,,,24.0,,,23.0,,,,,,32.0,,,,,51.0,,18.0,,35,
,,,28,18.0,22.0,31,26,,38.0,15.0,21.0,,,,,,,,,,,,,33,,30,16.0,,,,60.0,,,,,24.0,,,,43,,,,,28.0,,,17.0,,,,,,48.0,,,,,17.0,,14.0,,25,
,,,24,131.0,21.0,86,54,,28.0,18.0,46.0,,,,,,,,,,,,,31,,22,24.0,,,,26.0,,,,,57.0,,,,65,,,,,65.0,,,15.0,,,,,,34.0,,,,,44.0,,87.0,,27,
,,,16,91.0,36.0,22,21,,31.0,29.0,31.0,,,,,,,,,,,,,44,,19,20.0,,,,60.0,,,,,22.0,,,,35,,,,,19.0,,,25.0,,,,,,29.0,,,,,26.0,,17.0,,60,
,,,26,18.0,22.0,38,69,,27.0,16.0,23.0,,,,,,,,,,,,,19,,33,31.0,,,,36.0,,,,,21.0,,,,24,,,,,27.0,,,26.0,,,,,,43.0,,,,,54.0,,19.0,,31,
,,,23,45.0,20.0,16,27,,14.0,25.0,25.0,,,,,,,,,,,,,23,,22,58.0,,,,130.0,,,,,29.0,,,,31,,,,,27.0,,,101.0,,,,,,19.0,,,,,20.0,,27.0,,30,
,,,33,170.0,135.0,23,34,,19.0,27.0,46.0,,,,,,,,,,,,,20,,53,24.0,,,,51.0,,,,,37.0,,,,37,,,,,26.0,,,48.0,,,,,,18.0,,,,,25.0,,25.0,,36,
,,,31,20.0,32.0,33,30,,36.0,13.0,20.0,,,,,,,,,,,,,67,,31,25.0,,,,28.0,,,,,21.0,,,,38,,,,,56.0,,,17.0,,,,,,52.0,,,,,27.0,,22.0,,19,
,,,20,131.0,34.0,25,25,,24.0,14.0,19.0,,,,,,,,,,,,,47,,55,23.0,,,,52.0,,,,,76.0,,,,34,,,,,34.0,,,24.0,,,,,,17.0,,,,,20.0,,114.0,,24,
,,,29,53.0,18.0,44,33,,45.0,24.0,17.0,,,,,,,,,,,,,24,,53,81.0,,,,20.0,,,,,48.0,,,,19,,,,,31.0,,,30.0,,,,,,29.0,,,,,19.0,,20.0,,48,
,,,26,,21.0,49,39,,20.0,14.0,15.0,,,,,,,,,,,,,54,,24,62.0,,,,50.0,,,,,21.0,,,,25,,,,,28.0,,,34.0,,,,,,31.0,,,,,22.0,,24.0,,22,
,,,28,,32.0,21,24,,34.0,32.0,35.0,,,,,,,,,,,,,27,,23,16.0,,,,37.0,,,,,23.0,,,,21,,,,,40.0,,,19.0,,,,,,84.0,,,,,25.0,,30.0,,27,
,,,14,,40.0,29,25,,21.0,40.0,20.0,,,,,,,,,,,,,55,,24,88.0,,,,31.0,,,,,59.0,,,,26,,,,,31.0,,,37.0,,,,,,43.0,,,,,25.0,,14.0,,17,
,,,22,,18.0,26,21,,28.0,23.0,20.0,,,,,,,,,,,,,28,,30,61.0,,,,23.0,,,,,12.0,,,,24,,,,,58.0,,,37.0,,,,,,30.0,,,,,19.0,,44.0,,44,
,,,32,,23.0,39,42,,22.0,21.0,50.0,,,,,,,,,,,,,25,,24,21.0,,,,25.0,,,,,25.0,,,,18,,,,,16.0,,,69.0,,,,,,46.0,,,,,63.0,,39.0,,38,
,,,25,,36.0,26,22,,34.0,35.0,16.0,,,,,,,,,,,,,23,,43,18.0,,,,59.0,,,,,33.0,,,,19,,,,,28.0,,,64.0,,,,,,17.0,,,,,23.0,,17.0,,33,
,,,31,,117.0,45,33,,41.0,25.0,15.0,,,,,,,,,,,,,27,,20,85.0,,,,45.0,,,,,32.0,,,,15,,,,,21.0,,,20.0,,,,,,20.0,,,,,51.0,,58.0,,17,
,,,22,,23.0,17,37,,28.0,19.0,48.0,,,,,,,,,,,,,38,,34,17.0,,,,61.0,,,,,71.0,,,,59,,,,,45.0,,,17.0,,,,,,45.0,,,,,44.0,,24.0,,19,
,,,15,,24.0,21,44,,31.0,20.0,16.0,,,,,,,,,,,,,44,,35,22.0,,,,21.0,,,,,27.0,,,,32,,,,,23.0,,,23.0,,,,,,14.0,,,,,27.0,,17.0,,23,
,,,55,,17.0,15,57,,19.0,20.0,66.0,,,,,,,,,,,,,45,,60,45.0,,,,22.0,,,,,15.0,,,,26,,,,,46.0,,,34.0,,,,,,17.0,,,,,36.0,,60.0,,49,
,,,34,,32.0,23,40,,65.0,16.0,22.0,,,,,,,,,,,,,15,,30,118.0,,,,27.0,,,,,24.0,,,,36,,,,,38.0,,,64.0,,,,,,36.0,,,,,19.0,,23.0,,35,
,,,23,,64.0,23,32,,21.0,22.0,48.0,,,,,,,,,,,,,83,,20,19.0,,,,62.0,,,,,36.0,,,,21,,,,,35.0,,,22.0,,,,,,13.0,,,,,26.0,,39.0,,16,
,,,21,,18.0,91,39,,13.0,70.0,30.0,,,,,,,,,,,,,25,,21,111.0,,,,18.0,,,,,28.0,,,,18,,,,,20.0,,,21.0,,,,,,50.0,,,,,46.0,,26.0,,21,
,,,30,,40.0,17,25,,18.0,52.0,16.0,,,,,,,,,,,,,19,,20,16.0,,,,22.0,,,,,45.0,,,,26,,,,,33.0,,,70.0,,,,,,27.0,,,,,25.0,,52.0,,21,
,,,34,,30.0,44,25,,24.0,14.0,18.0,,,,,,,,,,,,,18,,20,51.0,,,,46.0,,,,,22.0,,,,21,,,,,57.0,,,27.0,,,,,,98.0,,,,,17.0,,60.0,,22,
,,,25,,83.0,36,23,,23.0,18.0,19.0,,,,,,,,,,,,,26,,25,,,,,19.0,,,,,77.0,,,,39,,,,,20.0,,,121.0,,,,,,30.0,,,,,24.0,,124.0,,21,
,,,34,,106.0,15,110,,20.0,17.0,48.0,,,,,,,,,,,,,47,,45,,,,,28.0,,,,,15.0,,,,21,,,,,17.0,,,32.0,,,,,,52.0,,,,,36.0,,14.0,,45,
,,,48,,18.0,22,46,,31.0,20.0,41.0,,,,,,,,,,,,,31,,38,,,,,44.0,,,,,19.0,,,,30,,,,,16.0,,,23.0,,,,,,16.0,,,,,18.0,,22.0,,16,
,,,29,,40.0,32,18,,19.0,26.0,55.0,,,,,,,,,,,,,66,,30,,,,,64.0,,,,,18.0,,,,24,,,,,131.0,,,15.0,,,,,,41.0,,,,,24.0,,17.0,,30,
,,,23,,30.0,62,23,,17.0,18.0,60.0,,,,,,,,,,,,,59,,16,,,,,19.0,,,,,15.0,,,,17,,,,,32.0,,,16.0,,,,,,37.0,,,,,30.0,,36.0,,23,
,,,19,,21.0,31,24,,15.0,26.0,37.0,,,,,,,,,,,,,17,,28,,,,,32.0,,,,,16.0,,,,20,,,,,71.0,,,26.0,,,,,,14.0,,,,,30.0,,26.0,,19,
,,,22,,16.0,30,26,,25.0,12.0,66.0,,,,,,,,,,,,,51,,40,,,,,20.0,,,,,19.0,,,,14,,,,,32.0,,,25.0,,,,,,41.0,,,,,30.0,,70.0,,33,
,,,20,,81.0,20,69,,23.0,27.0,19.0,,,,,,,,,,,,,23,,75,,,,,64.0,,,,,32.0,,,,22,,,,,83.0,,,28.0,,,,,,27.0,,,,,43.0,,26.0,,31,
,,,50,,25.0,30,17,,19.0,38.0,20.0,,,,,,,,,,,,,47,,20,,,,,125.0,,,,,25.0,,,,19,,,,,95.0,,,67.0,,,,,,56.0,,,,,26.0,,18.0,,14,
,,,40,,12.0,18,42,,47.0,20.0,40.0,,,,,,,,,,,,,24,,29,,,,,31.0,,,,,55.0,,,,26,,,,,30.0,,,89.0,,,,,,43.0,,,,,19.0,,32.0,,39,
,,,12,,40.0,16,24,,16.0,32.0,106.0,,,,,,,,,,,,,13,,17,,,,,23.0,,,,,17.0,,,,17,,,,,23.0,,,18.0,,,,,,16.0,,,,,21.0,,15.0,,26,
,,,20,,34.0,62,25,,21.0,39.0,48.0,,,,,,,,,,,,,16,,42,,,,,19.0,,,,,54.0,,,,19,,,,,33.0,,,18.0,,,,,,15.0,,,,,117.0,,17.0,,22,
,,,22,,24.0,19,18,,38.0,25.0,58.0,,,,,,,,,,,,,19,,21,,,,,42.0,,,,,33.0,,,,16,,,,,20.0,,,38.0,,,,,,29.0,,,,,19.0,,49.0,,24,
,,,28,,66.0,25,17,,20.0,17.0,25.0,,,,,,,,,,,,,23,,18,,,,,54.0,,,,,20.0,,,,14,,,,,19.0,,,16.0,,,,,,52.0,,,,,19.0,,21.0,,42,
,,,52,,36.0,44,23,,36.0,20.0,22.0,,,,,,,,,,,,,26,,25,,,,,20.0,,,,,25.0,,,,27,,,,,26.0,,,16.0,,,,,,28.0,,,,,12.0,,31.0,,34,
,,,25,,35.0,18,16,,22.0,30.0,49.0,,,,,,,,,,,,,20,,21,,,,,91.0,,,,,23.0,,,,24,,,,,29.0,,,29.0,,,,,,61.0,,,,,20.0,,27.0,,59,
,,,29,,21.0,34,17,,16.0,30.0,19.0,,,,,,,,,,,,,35,,17,,,,,20.0,,,,,22.0,,,,16,,,,,72.0,,,22.0,,,,,,27.0,,,,,35.0,,13.0,,21,
,,,14,,86.0,29,20,,40.0,19.0,23.0,,,,,,,,,,,,,18,,27,,,,,19.0,,,,,20.0,,,,20,,,,,22.0,,,19.0,,,,,,37.0,,,,,17.0,,21.0,,31,
,,,13,,38.0,37,24,,48.0,28.0,17.0,,,,,,,,,,,,,21,,62,,,,,53.0,,,,,29.0,,,,23,,,,,17.0,,,73.0,,,,,,30.0,,,,,26.0,,33.0,,60,
,,,34,,64.0,18,85,,29.0,22.0,20.0,,,,,,,,,,,,,102,,19,,,,,21.0,,,,,34.0,,,,19,,,,,36.0,,,12.0,,,,,,22.0,,,,,39.0,,15.0,,22,
,,,35,,28.0,16,27,,19.0,17.0,36.0,,,,,,,,,,,,,28,,49,,,,,26.0,,,,,48.0,,,,25,,,,,58.0,,,38.0,,,,,,30.0,,,,,25.0,,16.0,,48,
,,,21,,54.0,28,56,,14.0,32.0,126.0,,,,,,,,,,,,,30,,30,,,,,30.0,,,,,38.0,,,,24,,,,,79.0,,,58.0,,,,,,29.0,,,,,49.0,,28.0,,53,
,,,41,,83.0,22,55,,21.0,13.0,19.0,,,,,,,,,,,,,20,,28,,,,,15.0,,,,,23.0,,,,19,,,,,16.0,,,45.0,,,,,,22.0,,,,,34.0,,61.0,,26,
,,,39,,46.0,22,37,,16.0,22.0,17.0,,,,,,,,,,,,,22,,19,,,,,26.0,,,,,23.0,,,,26,,,,,27.0,,,16.0,,,,,,48.0,,,,,20.0,,21.0,,30,
,,,21,,26.0,45,27,,25.0,17.0,14.0,,,,,,,,,,,,,80,,29,,,,,142.0,,,,,22.0,,,,19,,,,,28.0,,,117.0,,,,,,22.0,,,,,17.0,,23.0,,19,
,,,21,,45.0,24,33,,13.0,14.0,14.0,,,,,,,,,,,,,19,,28,,,,,104.0,,,,,18.0,,,,21,,,,,16.0,,,15.0,,,,,,47.0,,,,,27.0,,18.0,,20,
,,,23,,24.0,30,20,,43.0,19.0,22.0,,,,,,,,,,,,,16,,20,,,,,31.0,,,,,65.0,,,,18,,,,,22.0,,,51.0,,,,,,54.0,,,,,24.0,,28.0,,17,
,,,34,,31.0,28,14,,33.0,18.0,25.0,,,,,,,,,,,,,22,,49,,,,,22.0,,,,,19.0,,,,16,,,,,48.0,,,27.0,,,,,,23.0,,,,,21.0,,42.0,,45,
,,,21,,28.0,20,48,,27.0,17.0,53.0,,,,,,,,,,,,,17,,20,,,,,57.0,,,,,62.0,,,,27,,,,,29.0,,,16.0,,,,,,34.0,,,,,26.0,,22.0,,27,
,,,15,,50.0,36,50,,41.0,17.0,28.0,,,,,,,,,,,,,37,,39,,,,,65.0,,,,,15.0,,,,20,,,,,45.0,,,14.0,,,,,,62.0,,,,,19.0,,34.0,,17,
,,,19,,49.0,26,23,,13.0,25.0,13.0,,,,,,,,,,,,,43,,31,,,,,104.0,,,,,111.0,,,,12,,,,,20.0,,,19.0,,,,,,62.0,,,,,20.0,,21.0,,23,
,,,17,,40.0,84,25,,19.0,23.0,85.0,,,,,,,,,,,,,20,,23,,,,,19.0,,,,,35.0,,,,23,,,,,18.0,,,62.0,,,,,,75.0,,,,,17.0,,40.0,,33,
,,,29,,46.0,28,21,,16.0,34.0,42.0,,,,,,,,,,,,,90,,21,,,,,18.0,,,,,21.0,,,,20,,,,,24.0,,,51.0,,,,,,23.0,,,,,26.0,,41.0,,23,
,,,19,,81.0,25,27,,52.0,13.0,95.0,,,,,,,,,,,,,30,,31,,,,,66.0,,,,,42.0,,,,18,,,,,41.0,,,30.0,,,,,,18.0,,,,,18.0,,19.0,,39,
,,,16,,34.0,17,58,,18.0,15.0,20.0,,,,,,,,,,,,,19,,42,,,,,12.0,,,,,12.0,,,,16,,,,,30.0,,,31.0,,,,,,88.0,,,,,13.0,,16.0,,16,
,,,16,,47.0,18,21,,21.0,24.0,27.0,,,,,,,,,,,,,25,,89,,,,,28.0,,,,,74.0,,,,44,,,,,13.0,,,61.0,,,,,,21.0,,,,,24.0,,18.0,,17,
,,,18,,30.0,95,20,,15.0,14.0,42.0,,,,,,,,,,,,,33,,34,,,,,24.0,,,,,41.0,,,,16,,,,,27.0,,,138.0,,,,,,45.0,,,,,37.0,,50.0,,21,
,,,22,,43.0,27,29,,54.0,19.0,34.0,,,,,,,,,,,,,23,,36,,,,,61.0,,,,,21.0,,,,24,,,,,14.0,,,13.0,,,,,,89.0,,,,,17.0,,18.0,,87,
,,,26,,28.0,16,16,,28.0,52.0,89.0,,,,,,,,,,,,,22,,19,,,,,88.0,,,,,28.0,,,,25,,,,,62.0,,,61.0,,,,,,12.0,,,,,22.0,,57.0,,16,
,,,20,,25.0,20,75,,96.0,28.0,75.0,,,,,,,,,,,,,29,,17,,,,,11.0,,,,,30.0,,,,18,,,,,24.0,,,157.0,,,,,,68.0,,,,,19.0,,34.0,,62,
,,,17,,143.0,33,17,,38.0,32.0,82.0,,,,,,,,,,,,,22,,40,,,,,65.0,,,,,37.0,,,,51,,,,,78.0,,,15.0,,,,,,48.0,,,,,20.0,,22.0,,25,
,,,19,,20.0,57,51,,20.0,20.0,13.0,,,,,,,,,,,,,22,,17,,,,,17.0,,,,,25.0,,,,19,,,,,16.0,,,60.0,,,,,,13.0,,,,,21.0,,16.0,,18,
,,,15,,161.0,40,15,,59.0,15.0,32.0,,,,,,,,,,,,,26,,18,,,,,71.0,,,,,21.0,,,,22,,,,,22.0,,,32.0,,,,,,24.0,,,,,14.0,,73.0,,19,
,,,37,,35.0,20,40,,17.0,15.0,20.0,,,,,,,,,,,,,26,,25,,,,,30.0,,,,,25.0,,,,22,,,,,27.0,,,39.0,,,,,,55.0,,,,,16.0,,,,27,
,,,22,,22.0,31,21,,30.0,14.0,33.0,,,,,,,,,,,,,17,,16,,,,,23.0,,,,,12.0,,,,29,,,,,14.0,,,18.0,,,,,,125.0,,,,,16.0,,,,31,
,,,17,,21.0,24,47,,37.0,17.0,20.0,,,,,,,,,,,,,15,,14,,,,,19.0,,,,,24.0,,,,14,,,,,20.0,,,38.0,,,,,,42.0,,,,,44.0,,,,77,
,,,32,,32.0,30,32,,24.0,14.0,21.0,,,,,,,,,,,,,16,,20,,,,,28.0,,,,,20.0,,,,19,,,,,31.0,,,17.0,,,,,,35.0,,,,,24.0,,,,29,
,,,25,,21.0,29,35,,14.0,59.0,83.0,,,,,,,,,,,,,22,,37,,,,,109.0,,,,,24.0,,,,12,,,,,27.0,,,33.0,,,,,,103.0,,,,,19.0,,,,24,
,,,12,,33.0,19,30,,19.0,26.0,15.0,,,,,,,,,,,,,28,,13,,,,,44.0,,,,,40.0,,,,17,,,,,22.0,,,24.0,,,,,,54.0,,,,,32.0,,,,29,
,,,32,,74.0,25,18,,19.0,12.0,154.0,,,,,,,,,,,,,40,,16,,,,,14.0,,,,,67.0,,,,18,,,,,26.0,,,57.0,,,,,,20.0,,,,,18.0,,,,47,
,,,18,,27.0,18,20,,18.0,17.0,22.0,,,,,,,,,,,,,41,,42,,,,,26.0,,,,,28.0,,,,18,,,,,18.0,,,108.0,,,,,,39.0,,,,,32.0,,,,32,
,,,13,,25.0,22,71,,39.0,18.0,18.0,,,,,,,,,,,,,22,,18,,,,,17.0,,,,,15.0,,,,18,,,,,19.0,,,19.0,,,,,,41.0,,,,,21.0,,,,14,
,,,17,,22.0,20,37,,30.0,18.0,18.0,,,,,,,,,,,,,11,,33,,,,,27.0,,,,,22.0,,,,25,,,,,22.0,,,17.0,,,,,,59.0,,,,,13.0,,,,25,
,,,20,,90.0,19,17,,30.0,66.0,17.0,,,,,,,,,,,,,19,,43,,,,,88.0,,,,,45.0,,,,21,,,,,26.0,,,32.0,,,,,,35.0,,,,,17.0,,,,17,
,,,32,,87.0,13,30,,38.0,19.0,26.0,,,,,,,,,,,,,26,,16,,,,,27.0,,,,,15.0,,,,35,,,,,14.0,,,15.0,,,,,,76.0,,,,,17.0,,,,16,
,,,28,,27.0,17,40,,18.0,24.0,25.0,,,,,,,,,,,,,24,,15,,,,,27.0,,,,,29.0,,,,33,,,,,28.0,,,23.0,,,,,,20.0,,,,,16.0,,,,13,
,,,27,,79.0,46,32,,39.0,22.0,25.0,,,,,,,,,,,,,17,,20,,,,,39.0,,,,,53.0,,,,16,,,,,79.0,,,,,,,,,,,,,,25.0,,,,22,
,,,29,,20.0,71,16,,33.0,19.0,19.0,,,,,,,,,,,,,22,,24,,,,,38.0,,,,,19.0,,,,24,,,,,28.0,,,,,,,,,,,,,,43.0,,,,102,
,,,16,,29.0,23,20,,38.0,16.0,,,,,,,,,,,,,,15,,32,,,,,45.0,,,,,25.0,,,,16,,,,,39.0,,,,,,,,,,,,,,30.0,,,,20,
,,,17,,79.0,14,18,,54.0,15.0,,,,,,,,,,,,,,24,,17,,,,,14.0,,,,,39.0,,,,16,,,,,19.0,,,,,,,,,,,,,,14.0,,,,22,
,,,29,,36.0,49,15,,18.0,12.0,,,,,,,,,,,,,,30,,19,,,,,18.0,,,,,17.0,,,,14,,,,,57.0,,,,,,,,,,,,,,15.0,,,,29,
,,,24,,18.0,33,28,,29.0,24.0,,,,,,,,,,,,,,14,,65,,,,,43.0,,,,,70.0,,,,25,,,,,10.0,,,,,,,,,,,,,,106.0,,,,56,
,,,19,,43.0,42,12,,40.0,40.0,,,,,,,,,,,,,,26,,22,,,,,61.0,,,,,24.0,,,,28,,,,,38.0,,,,,,,,,,,,,,21.0,,,,15,
,,,19,,43.0,20,84,,18.0,12.0,,,,,,,,,,,,,,46,,70,,,,,23.0,,,,,42.0,,,,36,,,,,34.0,,,,,,,,,,,,,,78.0,,,,45,
,,,25,,97.0,30,29,,16.0,84.0,,,,,,,,,,,,,,93,,34,,,,,27.0,,,,,18.0,,,,18,,,,,18.0,,,,,,,,,,,,,,21.0,,,,17,
,,,32,,33.0,22,41,,34.0,18.0,,,,,,,,,,,,,,60,,33,,,,,47.0,,,,,21.0,,,,23,,,,,20.0,,,,,,,,,,,,,,18.0,,,,14,
,,,40,,16.0,24,27,,25.0,41.0,,,,,,,,,,,,,,36,,22,,,,,23.0,,,,,25.0,,,,30,,,,,21.0,,,,,,,,,,,,,,17.0,,,,24,
,,,35,,54.0,44,29,,15.0,14.0,,,,,,,,,,,,,,15,,28,,,,,21.0,,,,,44.0,,,,18,,,,,50.0,,,,,,,,,,,,,,37.0,,,,32,
,,,29,,26.0,38,53,,14.0,64.0,,,,,,,,,,,,,,22,,25,,,,,30.0,,,,,24.0,,,,39,,,,,13.0,,,,,,,,,,,,,,14.0,,,,22,
,,,22,,56.0,24,13,,21.0,24.0,,,,,,,,,,,,,,26,,41,,,,,24.0,,,,,31.0,,,,19,,,,,24.0,,,,,,,,,,,,,,,,,,94,
,,,31,,59.0,20,38,,16.0,18.0,,,,,,,,,,,,,,14,,25,,,,,56.0,,,,,34.0,,,,16,,,,,23.0,,,,,,,,,,,,,,,,,,34,
,,,20,,95.0,29,16,,15.0,19.0,,,,,,,,,,,,,,34,,16,,,,,17.0,,,,,46.0,,,,14,,,,,27.0,,,,,,,,,,,,,,,,,,25,
,,,27,,91.0,20,16,,19.0,15.0,,,,,,,,,,,,,,54,,24,,,,,,,,,,26.0,,,,64,,,,,57.0,,,,,,,,,,,,,,,,,,67,
,,,16,,26.0,25,14,,46.0,19.0,,,,,,,,,,,,,,48,,38,,,,,,,,,,17.0,,,,28,,,,,18.0,,,,,,,,,,,,,,,,,,25,
,,,27,,38.0,16,20,,16.0,25.0,,,,,,,,,,,,,,19,,17,,,,,,,,,,24.0,,,,36,,,,,14.0,,,,,,,,,,,,,,,,,,43,
,,,34,,12.0,29,25,,17.0,14.0,,,,,,,,,,,,,,22,,18,,,,,,,,,,31.0,,,,19,,,,,,,,,,,,,,,,,,,,,,,19,
,,,21,,78.0,18,60,,23.0,,,,,,,,,,,,,,,47,,12,,,,,,,,,,60.0,,,,19,,,,,,,,,,,,,,,,,,,,,,,92,
,,,20,,21.0,17,35,,16.0,,,,,,,,,,,,,,,68,,18,,,,,,,,,,33.0,,,,16,,,,,,,,,,,,,,,,,,,,,,,14,
,,,22,,20.0,25,27,,22.0,,,,,,,,,,,,,,,23,,117,,,,,,,,,,16.0,,,,26,,,,,,,,,,,,,,,,,,,,,,,19,
,,,21,,16.0,18,56,,13.0,,,,,,,,,,,,,,,30,,19,,,,,,,,,,60.0,,,,21,,,,,,,,,,,,,,,,,,,,,,,34,
,,,19,,62.0,17,26,,19.0,,,,,,,,,,,,,,,16,,15,,,,,,,,,,54.0,,,,23,,,,,,,,,,,,,,,,,,,,,,,20,
,,,14,,140.0,38,41,,29.0,,,,,,,,,,,,,,,50,,46,,,,,,,,,,34.0,,,,29,,,,,,,,,,,,,,,,,,,,,,,42,
,,,13,,59.0,23,43,,24.0,,,,,,,,,,,,,,,23,,32,,,,,,,,,,17.0,,,,10,,,,,,,,,,,,,,,,,,,,,,,111,
,,,14,,49.0,26,25,,55.0,,,,,,,,,,,,,,,16,,18,,,,,,,,,,22.0,,,,22,,,,,,,,,,,,,,,,,,,,,,,16,
,,,30,,48.0,20,42,,20.0,,,,,,,,,,,,,,,42,,15,,,,,,,,,,13.0,,,,29,,,,,,,,,,,,,,,,,,,,,,,20,
,,,18,,21.0,18,20,,44.0,,,,,,,,,,,,,,,17,,17,,,,,,,,,,23.0,,,,18,,,,,,,,,,,,,,,,,,,,,,,53,
,,,24,,38.0,25,44,,14.0,,,,,,,,,,,,,,,21,,13,,,,,,,,,,51.0,,,,31,,,,,,,,,,,,,,,,,,,,,,,56,
,,,45,,24.0,24,13,,22.0,,,,,,,,,,,,,,,15,,72,,,,,,,,,,15.0,,,,18,,,,,,,,,,,,,,,,,,,,,,,19,
,,,27,,52.0,15,17,,20.0,,,,,,,,,,,,,,,26,,49,,,,,,,,,,18.0,,,,18,,,,,,,,,,,,,,,,,,,,,,,40,
,,,18,,18.0,50,13,,38.0,,,,,,,,,,,,,,,40,,24,,,,,,,,,,45.0,,,,23,,,,,,,,,,,,,,,,,,,,,,,40,
,,,36,,40.0,20,35,,26.0,,,,,,,,,,,,,,,16,,109,,,,,,,,,,34.0,,,,17,,,,,,,,,,,,,,,,,,,,,,,54,
,,,34,,35.0,28,13,,32.0,,,,,,,,,,,,,,,20,,17,,,,,,,,,,18.0,,,,12,,,,,,,,,,,,,,,,,,,,,,,76,
,,,26,,65.0,26,12,,18.0,,,,,,,,,,,,,,,19,,24,,,,,,,,,,35.0,,,,18,,,,,,,,,,,,,,,,,,,,,,,83,
,,,23,,42.0,17,27,,48.0,,,,,,,,,,,,,,,49,,33,,,,,,,,,,22.0,,,,20,,,,,,,,,,,,,,,,,,,,,,,29,
,,,57,,38.0,28,80,,33.0,,,,,,,,,,,,,,,19,,24,,,,,,,,,,43.0,,,,15,,,,,,,,,,,,,,,,,,,,,,,15,
,,,59,,19.0,31,24,,19.0,,,,,,,,,,,,,,,33,,20,,,,,,,,,,17.0,,,,29,,,,,,,,,,,,,,,,,,,,,,,65,
,,,57,,19.0,14,34,,20.0,,,,,,,,,,,,,,,66,,28,,,,,,,,,,81.0,,,,16,,,,,,,,,,,,,,,,,,,,,,,29,
,,,21,,28.0,17,43,,53.0,,,,,,,,,,,,,,,31,,19,,,,,,,,,,54.0,,,,36,,,,,,,,,,,,,,,,,,,,,,,25,
,,,30,,16.0,31,32,,18.0,,,,,,,,,,,,,,,16,,50,,,,,,,,,,22.0,,,,48,,,,,,,,,,,,,,,,,,,,,,,63,
,,,38,,28.0,25,21,,26.0,,,,,,,,,,,,,,,23,,64,,,,,,,,,,20.0,,,,23,,,,,,,,,,,,,,,,,,,,,,,61,
,,,20,,23.0,43,17,,23.0,,,,,,,,,,,,,,,20,,45,,,,,,,,,,13.0,,,,32,,,,,,,,,,,,,,,,,,,,,,,30,
,,,18,,37.0,30,36,,10.0,,,,,,,,,,,,,,,21,,26,,,,,,,,,,15.0,,,,18,,,,,,,,,,,,,,,,,,,,,,,51,
,,,14,,21.0,24,28,,17.0,,,,,,,,,,,,,,,21,,19,,,,,,,,,,58.0,,,,15,,,,,,,,,,,,,,,,,,,,,,,20,
,,,24,,61.0,26,63,,14.0,,,,,,,,,,,,,,,23,,16,,,,,,,,,,,,,,43,,,,,,,,,,,,,,,,,,,,,,,26,
,,,13,,13.0,40,20,,28.0,,,,,,,,,,,,,,,18,,21,,,,,,,,,,,,,,18,,,,,,,,,,,,,,,,,,,,,,,34,
,,,17,,53.0,18,15,,36.0,,,,,,,,,,,,,,,62,,25,,,,,,,,,,,,,,30,,,,,,,,,,,,,,,,,,,,,,,15,
,,,18,,18.0,22,53,,41.0,,,,,,,,,,,,,,,18,,21,,,,,,,,,,,,,,21,,,,,,,,,,,,,,,,,,,,,,,40,
,,,14,,69.0,15,53,,52.0,,,,,,,,,,,,,,,16,,34,,,,,,,,,,,,,,20,,,,,,,,,,,,,,,,,,,,,,,20,
,,,24,,44.0,18,13,,19.0,,,,,,,,,,,,,,,21,,21,,,,,,,,,,,,,,24,,,,,,,,,,,,,,,,,,,,,,,48,
,,,28,,14.0,10,22,,18.0,,,,,,,,,,,,,,,12,,14,,,,,,,,,,,,,,14,,,,,,,,,,,,,,,,,,,,,,,40,
,,,16,,68.0,72,67,,40.0,,,,,,,,,,,,,,,39,,14,,,,,,,,,,,,,,70,,,,,,,,,,,,,,,,,,,,,,,21,
,,,26,,19.0,26,24,,19.0,,,,,,,,,,,,,,,26,,26,,,,,,,,,,,,,,20,,,,,,,,,,,,,,,,,,,,,,,18,
,,,24,,63.0,19,72,,51.0,,,,,,,,,,,,,,,33,,16,,,,,,,,,,,,,,16,,,,,,,,,,,,,,,,,,,,,,,18,
,,,19,,14.0,23,24,,16.0,,,,,,,,,,,,,,,27,,14,,,,,,,,,,,,,,15,,,,,,,,,,,,,,,,,,,,,,,17,
,,,12,,62.0,31,29,,16.0,,,,,,,,,,,,,,,24,,20,,,,,,,,,,,,,,25,,,,,,,,,,,,,,,,,,,,,,,43,
,,,23,,54.0,16,22,,17.0,,,,,,,,,,,,,,,22,,12,,,,,,,,,,,,,,27,,,,,,,,,,,,,,,,,,,,,,,95,
,,,12,,16.0,15,54,,43.0,,,,,,,,,,,,,,,22,,26,,,,,,,,,,,,,,21,,,,,,,,,,,,,,,,,,,,,,,19,
,,,23,,37.0,37,38,,17.0,,,,,,,,,,,,,,,17,,16,,,,,,,,,,,,,,17,,,,,,,,,,,,,,,,,,,,,,,37,
,,,15,,39.0,17,13,,22.0,,,,,,,,,,,,,,,33,,16,,,,,,,,,,,,,,23,,,,,,,,,,,,,,,,,,,,,,,63,
,,,18,,39.0,18,30,,12.0,,,,,,,,,,,,,,,27,,41,,,,,,,,,,,,,,22,,,,,,,,,,,,,,,,,,,,,,,98,
,,,13,,13.0,48,17,,50.0,,,,,,,,,,,,,,,20,,21,,,,,,,,,,,,,,16,,,,,,,,,,,,,,,,,,,,,,,19,
,,,19,,21.0,19,21,,23.0,,,,,,,,,,,,,,,19,,20,,,,,,,,,,,,,,21,,,,,,,,,,,,,,,,,,,,,,,27,
,,,25,,42.0,75,18,,58.0,,,,,,,,,,,,,,,56,,93,,,,,,,,,,,,,,30,,,,,,,,,,,,,,,,,,,,,,,23,
,,,17,,50.0,22,67,,21.0,,,,,,,,,,,,,,,37,,36,,,,,,,,,,,,,,14,,,,,,,,,,,,,,,,,,,,,,,19,
,,,24,,85.0,53,33,,31.0,,,,,,,,,,,,,,,20,,36,,,,,,,,,,,,,,18,,,,,,,,,,,,,,,,,,,,,,,70,
,,,22,,75.0,60,16,,20.0,,,,,,,,,,,,,,,11,,66,,,,,,,,,,,,,,17,,,,,,,,,,,,,,,,,,,,,,,35,
,,,11,,38.0,30,62,,25.0,,,,,,,,,,,,,,,14,,32,,,,,,,,,,,,,,21,,,,,,,,,,,,,,,,,,,,,,,93,
,,,29,,12.0,32,18,,,,,,,,,,,,,,,,,47,,15,,,,,,,,,,,,,,16,,,,,,,,,,,,,,,,,,,,,,,39,
,,,35,,12.0,38,67,,,,,,,,,,,,,,,,,26,,57,,,,,,,,,,,,,,13,,,,,,,,,,,,,,,,,,,,,,,99,
,,,22,,123.0,15,47,,,,,,,,,,,,,,,,,32,,33,,,,,,,,,,,,,,25,,,,,,,,,,,,,,,,,,,,,,,13,
,,,25,,54.0,13,112,,,,,,,,,,,,,,,,,27,,32,,,,,,,,,,,,,,43,,,,,,,,,,,,,,,,,,,,,,,29,
,,,19,,,24,33,,,,,,,,,,,,,,,,,30,,82,,,,,,,,,,,,,,26,,,,,,,,,,,,,,,,,,,,,,,25,
